,Name,Size,Coord,Direction,Color
0,"('SQUIDGAME', 1.0)",70,"(512, 489)",,<color>#b3b03e</color>
1,"('GAME', 0.2417559336273892)",70,"(111, 673)",2.0,<color>#d0c597</color>
2,"('SQUID', 0.1798641741930967)",70,"(388, 611)",,<color>#e49c0f</color>
3,"('NETFLIX', 0.10317627015799669)",70,"(449, 506)",,<color>#afaa27</color>
4,"('EPISODE', 0.08623305094634648)",70,"(16, 719)",2.0,<color>#181916</color>
5,"('WATCHING', 0.06924315619967794)",55,"(560, 572)",,<color>#934c1b</color>
6,"('SHOW', 0.05864780975051927)",55,"(105, 764)",2.0,<color>#555140</color>
7,"('ONE', 0.04963943149198348)",55,"(647, 696)",,<color>#f5a439</color>
8,"('WATCH', 0.04844920534901631)",55,"(593, 587)",,<color>#ae531d</color>
9,"('NOW', 0.04767905902121403)",55,"(439, 811)",,<color>#da960f</color>
10,"('SQUIDGAMENETFLIX', 0.04728231697355831)",22,"(489, 728)",,<color>#ee8c21</color>
11,"('WATCHED', 0.039674204765572124)",22,"(180, 601)",2.0,<color>#b9ae8a</color>
12,"('FINISHED', 0.03958085369553548)",22,"(564, 848)",,<color>#3a2702</color>
13,"('LIGHT', 0.03757380568974772)",22,"(88, 644)",2.0,<color>#cfb985</color>
14,"('GOOD', 0.034399869308501946)",22,"(614, 458)",,<color>#d3dab5</color>
15,"('SERIE', 0.033466358608135544)",22,"(543, 876)",,<color>#e0ca13</color>
16,"('WILL', 0.0322061191626409)",22,"(278, 697)",2.0,<color>#edd48a</color>
17,"('KNOW', 0.030969217484655417)",22,"(325, 666)",2.0,<color>#8d7239</color>
18,"('MAN', 0.030152395621834815)",22,"(615, 914)",2.0,<color>#f6f7d6</color>
19,"('TIME', 0.02886881840883101)",22,"(148, 814)",2.0,<color>#353026</color>
20,"('PEOPLE', 0.02884548064132185)",22,"(35, 636)",,<color>#4d4a37</color>
21,"('NEW', 0.02884548064132185)",22,"(672, 646)",,<color>#e9761b</color>
22,"('REALLY', 0.02861210296623025)",22,"(61, 628)",,<color>#7a7354</color>
23,"('SEE', 0.027235174683189808)",22,"(81, 659)",,<color>#bfad7d</color>
24,"('THINK', 0.027071810310625687)",22,"(646, 624)",,<color>#e06a1d</color>
25,"('KOREAN', 0.02578823309762188)",22,"(625, 735)",,<color>#f49930</color>
26,"('GOT', 0.0257182197950944)",22,"(561, 476)",,<color>#b7b31d</color>
27,"('RED', 0.02555485542253028)",22,"(636, 479)",,<color>#707052</color>
28,"('FIRST', 0.02532147774743868)",22,"(275, 772)",,<color>#928052</color>
29,"('PLAY', 0.02441130481458144)",22,"(578, 886)",,<color>#ddcb71</color>
30,"('PLAYER', 0.022871012158976873)",22,"(280, 599)",,<color>#1c1515</color>
31,"('PROJECT', 0.02207752806366543)",22,"(491, 581)",,<color>#9f5716</color>
32,"('MAKE', 0.020840626385679947)",22,"(315, 723)",2.0,<color>#a58f54</color>
33,"('SQUIDGAMEFANART', 0.020560573175570026)",22,"(75, 614)",2.0,<color>#58563f</color>
34,"('SEASON', 0.020513897640551705)",22,"(593, 752)",,<color>#f08a21</color>
35,"('LET', 0.020280519965460105)",22,"(661, 482)",,<color>#8a895f</color>
36,"('LAST', 0.020070480057877663)",22,"(296, 838)",2.0,<color>#3a3725</color>
37,"('GREEN', 0.019860440150295224)",22,"(29, 773)",2.0,<color>#272527</color>
38,"('DAY', 0.01979042684776774)",22,"(418, 571)",,<color>#8f7111</color>
39,"('LOVE', 0.01944036033513034)",22,"(411, 829)",,<color>#f0d305</color>
40,"('NFT', 0.01906695605498378)",22,"(337, 552)",,<color>#131311</color>
41,"('WANT', 0.01904361828747462)",22,"(74, 800)",2.0,<color>#1e211f</color>
42,"('GOING', 0.017993418749562416)",22,"(591, 456)",,<color>#afbf9f</color>
43,"('NEED', 0.017993418749562416)",22,"(667, 896)",,<color>#e1c19b</color>
44,"('OLD', 0.017853392144507457)",22,"(666, 797)",,<color>#f4991a</color>
45,"('BEST', 0.017573338934397536)",22,"(304, 527)",,<color>#1d201e</color>
46,"('ALI', 0.017526663399379215)",22,"(630, 580)",,<color>#a95919</color>
47,"('MUCH', 0.017409974561833415)",22,"(671, 580)",,<color>#ae531d</color>
48,"('CHARACTER', 0.017106583584214335)",22,"(679, 720)",,<color>#f8b044</color>
49,"('THING', 0.016779854839086093)",22,"(209, 645)",2.0,<color>#eadeb4</color>
50,"('GUY', 0.016686503769049454)",22,"(423, 519)",,<color>#f1ed0f</color>
51,"('SAY', 0.016686503769049454)",22,"(360, 680)",,<color>#e0c825</color>
52,"('MADE', 0.01645312609395785)",22,"(591, 877)",2.0,<color>#d8c289</color>
53,"('LIFE', 0.01619641065135709)",22,"(511, 878)",,<color>#f7f108</color>
54,"('DON', 0.01598637074377465)",22,"(294, 640)",,<color>#76502a</color>
55,"('GREAT', 0.01563630423113725)",22,"(235, 766)",,<color>#f7e8b3</color>
56,"('FINALLY', 0.015542953161100609)",22,"(489, 473)",,<color>#dcd915</color>
57,"('STILL', 0.015426264323554808)",22,"(251, 761)",,<color>#f0dd9b</color>
58,"('RIGHT', 0.015216224415972368)",22,"(368, 717)",,<color>#f7f11b</color>
59,"('WAY', 0.015052860043408247)",22,"(188, 629)",,<color>#e8dbb0</color>
60,"('LOOK', 0.014796144600807486)",22,"(113, 585)",2.0,<color>#6a6248</color>
61,"('EVERYONE', 0.014679455763261686)",21,"(626, 628)",,<color>#e16a1d</color>
62,"('REAL', 0.014562766925715885)",21,"(94, 661)",,<color>#f1e0a9</color>
63,"('SEEN', 0.014516091390697566)",21,"(674, 458)",,<color>#c9c68d</color>
64,"('PLAYING', 0.014166024878060166)",20,"(430, 695)",,<color>#f6ca0d</color>
65,"('MARBLE', 0.013839296132931923)",20,"(524, 868)",,<color>#ead703</color>
66,"('THANK', 0.013815958365422763)",20,"(16, 651)",,<color>#373e35</color>
67,"('NEVER', 0.013722607295386123)",20,"(397, 552)",,<color>#f7f30d</color>
68,"('BETTER', 0.013559242922822004)",20,"(606, 759)",,<color>#f18e24</color>
69,"('ENDING', 0.013302527480221243)",20,"(180, 582)",2.0,<color>#9f8f76</color>
70,"('HALLOWEEN', 0.013279189712712082)",19,"(431, 555)",,<color>#b0a50a</color>
71,"('SPOILER', 0.013279189712712082)",19,"(560, 521)",2.0,<color>#ad8f0d</color>
72,"('ART', 0.013185838642675442)",19,"(100, 813)",2.0,<color>#26292b</color>
73,"('MEME', 0.013045812037620482)",19,"(157, 627)",,<color>#b0a379</color>
74,"('STARTED', 0.013022474270111321)",19,"(281, 679)",2.0,<color>#efd991</color>
75,"('THOUGHT', 0.01295246096758384)",18,"(472, 848)",,<color>#e0ad08</color>
76,"('EVEN', 0.01288244766505636)",18,"(591, 903)",,<color>#f1edbc</color>
77,"('GONNA', 0.012812434362528881)",18,"(310, 737)",2.0,<color>#a3894a</color>
78,"('WOO', 0.01271908329249224)",18,"(490, 686)",,<color>#f09916</color>
79,"('ANYONE', 0.01232234124483652)",18,"(682, 892)",,<color>#cb865e</color>
80,"('BACK', 0.012018950267217438)",18,"(171, 627)",,<color>#bdb087</color>
81,"('END', 0.011995612499708277)",18,"(209, 803)",,<color>#f6e8c1</color>
82,"('SANG', 0.011995612499708277)",18,"(652, 577)",,<color>#b65b19</color>
83,"('NIGHT', 0.011902261429671638)",18,"(320, 530)",,<color>#121311</color>
84,"('SHIT', 0.011878923662162477)",18,"(108, 657)",2.0,<color>#f1e1ac</color>
85,"('MONEY', 0.011808910359634998)",18,"(504, 473)",2.0,<color>#e3e00d</color>
86,"('HUN', 0.011645545987070877)",18,"(454, 698)",,<color>#f6cb0c</color>
87,"('TAKE', 0.011622208219561716)",18,"(296, 860)",2.0,<color>#25241b</color>
88,"('WELL', 0.011552194917034237)",18,"(605, 890)",2.0,<color>#f4f1c4</color>
89,"('HYPE', 0.011528857149525076)",18,"(287, 554)",,<color>#212320</color>
90,"('NEXT', 0.011458843846997597)",18,"(574, 473)",,<color>#b4b470</color>
91,"('YEAR', 0.011458843846997597)",18,"(471, 801)",,<color>#f9be56</color>
92,"('TODAY', 0.011365492776960955)",18,"(84, 627)",2.0,<color>#625439</color>
93,"('CHECK', 0.011342155009451797)",18,"(604, 929)",2.0,<color>#717063</color>
94,"('FEEL', 0.011272141706924315)",18,"(152, 797)",2.0,<color>#9d9674</color>
95,"('LOL', 0.011248803939415155)",18,"(647, 799)",,<color>#f59d23</color>
96,"('SCENE', 0.011202128404396836)",16,"(684, 582)",,<color>#a95020</color>
97,"('MOVIE', 0.011085439566851036)",16,"(105, 598)",2.0,<color>#796c4b</color>
98,"('PLEASE', 0.010782048589231954)",15,"(685, 631)",,<color>#d86415</color>
99,"('COME', 0.010105253331466313)",15,"(629, 458)",2.0,<color>#dee3b9</color>
100,"('YET', 0.010081915563957152)",15,"(570, 680)",,<color>#ee8814</color>
101,"('FANART', 0.009965226726411352)",15,"(424, 840)",,<color>#e9cc04</color>
102,"('MANY', 0.009871875656374712)",15,"(576, 535)",,<color>#908a0f</color>
103,"('FUCK', 0.009825200121356391)",15,"(133, 799)",,<color>#efe7af</color>
104,"('WORLD', 0.00980186235384723)",15,"(620, 939)",2.0,<color>#6e6e62</color>
105,"('HOPE', 0.009708511283810591)",15,"(348, 826)",,<color>#251f12</color>
106,"('GETTING', 0.00956848467875563)",15,"(288, 763)",,<color>#786839</color>
107,"('ENGLISH', 0.00952180914373731)",15,"(201, 658)",2.0,<color>#efe7bf</color>
108,"('DAMN', 0.00952180914373731)",15,"(220, 797)",,<color>#f8e8c0</color>
109,"('VERSION', 0.00938178253868235)",15,"(206, 630)",2.0,<color>#f1e7bf</color>
110,"('WIN', 0.00938178253868235)",15,"(521, 611)",2.0,<color>#de6715</color>
111,"('LOT', 0.00935844477117319)",15,"(332, 692)",,<color>#82662d</color>
112,"('SOON', 0.00933510700366403)",15,"(371, 628)",,<color>#a7a80b</color>
113,"('FAN', 0.009288431468645709)",15,"(517, 639)",2.0,<color>#ea7714</color>
114,"('GIVE', 0.00912506709608159)",15,"(561, 533)",,<color>#e3dd03</color>
115,"('VIDEO', 0.009101729328572429)",14,"(686, 450)",,<color>#b2ad7f</color>
116,"('SQUIDGAMEMEME', 0.009031716026044948)",12,"(48, 626)",,<color>#605f47</color>
117,"('WORK', 0.008961702723517468)",12,"(296, 808)",,<color>#4f3a44</color>
118,"('TWO', 0.008868351653480828)",12,"(385, 588)",,<color>#d3611a</color>
119,"('LIVE', 0.008821676118462508)",12,"(63, 708)",2.0,<color>#4b5440</color>
120,"('SAEBYEOK', 0.008775000583444187)",12,"(659, 635)",,<color>#e1701c</color>
121,"('SOMEONE', 0.008728325048425868)",12,"(437, 498)",,<color>#d9d817</color>
122,"('ALREADY', 0.008541622908352586)",12,"(649, 474)",,<color>#acb08f</color>
123,"('SOMETHING', 0.008541622908352586)",12,"(16, 760)",2.0,<color>#363533</color>
124,"('WEEK', 0.008541622908352586)",12,"(208, 727)",,<color>#fbf1ca</color>
125,"('NUMBER', 0.008541622908352586)",12,"(303, 870)",2.0,<color>#1d1c15</color>
126,"('START', 0.008541622908352586)",12,"(411, 523)",,<color>#edea14</color>
127,"('STOP', 0.008518285140843428)",12,"(7, 711)",,<color>#364036</color>
128,"('FUCKING', 0.008471609605825107)",12,"(500, 677)",,<color>#e87d13</color>
129,"('YOUTUBE', 0.008401596303297627)",12,"(577, 836)",,<color>#441909</color>
130,"('SAID', 0.008401596303297627)",12,"(523, 716)",,<color>#ee8712</color>
131,"('TRYING', 0.008308245233260986)",12,"(399, 822)",,<color>#f2a60d</color>
132,"('OKAY', 0.008308245233260986)",12,"(629, 901)",2.0,<color>#ede4b4</color>
133,"('HIT', 0.008284907465751825)",12,"(677, 688)",2.0,<color>#f08b1e</color>
134,"('DIE', 0.008191556395715185)",12,"(165, 590)",,<color>#644e51</color>
135,"('KOREA', 0.008121543093187706)",12,"(516, 483)",2.0,<color>#edeb0a</color>
136,"('BAD', 0.008051529790660225)",12,"(408, 762)",,<color>#faf500</color>
137,"('EVERY', 0.008028192023151066)",12,"(376, 679)",,<color>#f3e707</color>
138,"('BIGGEST', 0.007911503185605266)",12,"(46, 786)",2.0,<color>#312930</color>
139,"('RIGELPROTOCOL', 0.007911503185605266)",10,"(502, 771)",,<color>#f1921c</color>
140,"('WHOLE', 0.007888165418096105)",10,"(273, 568)",,<color>#27242c</color>
141,"('COSTUME', 0.007888165418096105)",10,"(142, 827)",2.0,<color>#131212</color>
142,"('WON', 0.007864827650586945)",10,"(527, 622)",2.0,<color>#e06a10</color>
143,"('SURE', 0.007864827650586945)",10,"(393, 793)",2.0,<color>#edbe0c</color>
144,"('AMAZING', 0.007841489883077785)",10,"(59, 603)",2.0,<color>#262e2a</color>
145,"('SOUTH', 0.007794814348059465)",10,"(438, 654)",,<color>#faf207</color>
146,"('DONE', 0.007724801045531984)",10,"(114, 728)",,<color>#f9edc1</color>
147,"('BECOME', 0.007701463278022824)",10,"(178, 726)",,<color>#fbf4cd</color>
148,"('ACTUALLY', 0.007654787743004504)",10,"(264, 771)",,<color>#f0dc97</color>
149,"('VIA', 0.0076314499754953444)",10,"(430, 779)",,<color>#fbf90d</color>
150,"('WOW', 0.007421410067912903)",10,"(427, 811)",,<color>#f6a419</color>
151,"('READY', 0.007421410067912903)",10,"(437, 797)",2.0,<color>#f5a616</color>
152,"('AXIEINFINITY', 0.007421410067912903)",9,"(502, 489)",,<color>#e9e706</color>
153,"('JUNG', 0.007398072300403743)",9,"(196, 670)",,<color>#f7efca</color>
154,"('MAKING', 0.0073747345328945835)",9,"(297, 578)",,<color>#201e1c</color>
155,"('GIRL', 0.0073280589978762635)",9,"(471, 483)",,<color>#c5c633</color>
156,"('KID', 0.007211370160330462)",9,"(564, 765)",2.0,<color>#e96e06</color>
157,"('LITTLE', 0.0071646946253121424)",9,"(199, 803)",,<color>#f7eac3</color>
158,"('SAW', 0.0071180190902938225)",9,"(469, 739)",,<color>#f2a21f</color>
159,"('FRIEND', 0.0070713435552755026)",9,"(543, 457)",2.0,<color>#e2e11f</color>
160,"('MILLION', 0.006977992485238862)",9,"(657, 880)",,<color>#392118</color>
161,"('POPULAR', 0.006977992485238862)",9,"(538, 463)",2.0,<color>#e7e511</color>
162,"('GOGOSQUIDGAME', 0.006954654717729702)",7,"(662, 579)",,<color>#b85d16</color>
163,"('IDEA', 0.006931316950220542)",7,"(465, 589)",,<color>#ba4f29</color>
164,"('SUBTITLE', 0.006884641415202222)",7,"(504, 599)",,<color>#cf601c</color>
165,"('JOIN', 0.006884641415202222)",7,"(495, 564)",,<color>#3b2712</color>
166,"('TALK', 0.0068613036476930615)",7,"(658, 807)",,<color>#f6a02d</color>
167,"('MASK', 0.006837965880183902)",7,"(691, 703)",,<color>#ef871a</color>
168,"('TONIGHT', 0.006814628112674742)",7,"(219, 714)",,<color>#ecdea7</color>
169,"('TALKING', 0.006791290345165581)",7,"(310, 879)",2.0,<color>#1f1d16</color>
170,"('DIDN', 0.006767952577656422)",7,"(395, 768)",,<color>#faf700</color>
171,"('TELL', 0.006767952577656422)",7,"(124, 733)",,<color>#f9eec0</color>
172,"('PART', 0.006767952577656422)",7,"(169, 767)",,<color>#777867</color>
173,"('OMG', 0.006721277042638101)",7,"(338, 535)",,<color>#211f1d</color>
174,"('HEY', 0.006721277042638101)",7,"(392, 648)",2.0,<color>#f3e704</color>
175,"('LOVED', 0.006651263740110621)",7,"(447, 913)",2.0,<color>#908d20</color>
176,"('PRETTY', 0.0066045882050923006)",7,"(305, 812)",,<color>#31222c</color>
177,"('LONG', 0.006557912670073981)",7,"(307, 656)",,<color>#b57134</color>
178,"('DEFINITELY', 0.00653457490256482)",7,"(309, 748)",2.0,<color>#d5ae56</color>
179,"('TEAM', 0.006511237135055661)",7,"(314, 660)",,<color>#916733</color>
180,"('WAIT', 0.0064878993675465)",7,"(54, 802)",2.0,<color>#2f2e32</color>
181,"('LIST', 0.0064878993675465)",7,"(404, 708)",2.0,<color>#f9f403</color>
182,"('DRAMA', 0.00644122383252818)",7,"(504, 568)",,<color>#764f1c</color>
183,"('WANNA', 0.00630119722747322)",7,"(304, 712)",2.0,<color>#fcf0ca</color>
184,"('FUN', 0.00627785945996406)",7,"(526, 571)",2.0,<color>#875a0f</color>
185,"('VIP', 0.00627785945996406)",7,"(220, 747)",,<color>#fbf5d0</color>
186,"('ANOTHER', 0.0062545216924549)",7,"(454, 634)",2.0,<color>#faef09</color>
187,"('FAR', 0.00620784615743658)",7,"(456, 545)",2.0,<color>#faf625</color>
188,"('UNIQUE', 0.00616117062241826)",7,"(502, 895)",,<color>#faf727</color>
189,"('SECOND', 0.006137832854909099)",7,"(393, 714)",2.0,<color>#f1eb03</color>
190,"('FIND', 0.006114495087399939)",7,"(55, 616)",2.0,<color>#28302d</color>
191,"('KEEP', 0.006114495087399939)",7,"(539, 868)",2.0,<color>#f6ea03</color>
192,"('WORTH', 0.0060911573198907795)",7,"(638, 755)",,<color>#f6a53c</color>
193,"('SAE', 0.006067819552381619)",7,"(225, 745)",,<color>#fbf5cf</color>
194,"('DALGONA', 0.006021144017363299)",7,"(453, 503)",2.0,<color>#eeec12</color>
195,"('BINGE', 0.005997806249854139)",7,"(519, 525)",2.0,<color>#f7f402</color>
196,"('HELL', 0.005927792947326658)",7,"(141, 719)",,<color>#f6eebc</color>
197,"('BYEOK', 0.005904455179817499)",7,"(262, 723)",,<color>#d6a069</color>
198,"('CRAZY', 0.0058811174123083385)",7,"(75, 636)",,<color>#2d3128</color>
199,"('COMING', 0.0058811174123083385)",7,"(295, 616)",,<color>#3e281c</color>
200,"('WAR', 0.0058811174123083385)",7,"(669, 836)",2.0,<color>#e6604e</color>
201,"('OPENSEA', 0.0058811174123083385)",7,"(392, 734)",2.0,<color>#fcf700</color>
202,"('HAPPY', 0.0058344418772900185)",7,"(639, 799)",,<color>#f4971f</color>
203,"('ALWAY', 0.0058344418772900185)",7,"(542, 945)",2.0,<color>#938f1e</color>
204,"('WITHOUT', 0.005811104109780858)",7,"(608, 694)",,<color>#ee7e19</color>
205,"('PUT', 0.005741090807253378)",7,"(410, 673)",2.0,<color>#f6ee01</color>
206,"('PERSON', 0.005717753039744218)",7,"(296, 765)",,<color>#ddbc5e</color>
207,"('HATE', 0.005671077504725898)",7,"(531, 649)",2.0,<color>#e46c10</color>
208,"('PHONE', 0.005647739737216738)",7,"(535, 541)",,<color>#f6ee02</color>
209,"('YES', 0.0056244019697075775)",7,"(466, 663)",,<color>#efa415</color>
210,"('FAVORITE', 0.0056244019697075775)",7,"(97, 766)",,<color>#ccbd8d</color>
211,"('EVERYTHING', 0.0056244019697075775)",7,"(604, 474)",,<color>#e2eac5</color>
212,"('CAST', 0.005601064202198418)",7,"(388, 571)",,<color>#513c1e</color>
213,"('BIG', 0.005554388667180097)",7,"(523, 678)",2.0,<color>#e56e13</color>
214,"('ROBLOX', 0.005531050899670938)",7,"(665, 452)",,<color>#839380</color>
215,"('DEATH', 0.005531050899670938)",7,"(585, 539)",,<color>#6d6d07</color>
216,"('TUG', 0.005507713132161777)",7,"(470, 595)",,<color>#d55e23</color>
217,"('ACTOR', 0.005484375364652618)",7,"(74, 730)",,<color>#6a6443</color>
218,"('DOLL', 0.005484375364652618)",7,"(350, 690)",,<color>#9b6a2f</color>
219,"('TRY', 0.005461037597143457)",7,"(583, 569)",2.0,<color>#6f441c</color>
220,"('ABSOLUTELY', 0.005461037597143457)",7,"(379, 630)",,<color>#c5bb08</color>
221,"('KNEW', 0.005437699829634297)",7,"(504, 654)",2.0,<color>#f29d19</color>
222,"('THINKING', 0.005437699829634297)",7,"(502, 852)",,<color>#eab408</color>
223,"('HARD', 0.005414362062125137)",7,"(540, 757)",2.0,<color>#f49a10</color>
224,"('HEART', 0.005414362062125137)",7,"(381, 785)",,<color>#f7f401</color>
225,"('KDRAMA', 0.005414362062125137)",7,"(146, 678)",,<color>#e1c973</color>
226,"('LITERALLY', 0.005391024294615977)",7,"(612, 947)",2.0,<color>#393733</color>
227,"('MEAN', 0.005367686527106817)",7,"(302, 772)",,<color>#d3aa4e</color>
228,"('DRAWING', 0.005344348759597657)",7,"(643, 577)",,<color>#99551f</color>
229,"('TOKENAINU', 0.005344348759597657)",7,"(230, 666)",,<color>#f5edc0</color>
230,"('LOOKING', 0.005321010992088497)",7,"(93, 726)",,<color>#f9ebbb</color>
231,"('REVIEW', 0.005321010992088497)",7,"(270, 608)",,<color>#925d55</color>
232,"('BELIEVE', 0.005321010992088497)",7,"(464, 696)",,<color>#f2b110</color>
233,"('HELP', 0.005274335457070177)",7,"(604, 572)",,<color>#4f3b34</color>
234,"('WTF', 0.005274335457070177)",7,"(467, 724)",2.0,<color>#f2cf10</color>
235,"('STORY', 0.005227659922051857)",7,"(139, 737)",,<color>#f3e9ac</color>
236,"('UNDERSTAND', 0.005180984387033537)",7,"(638, 694)",,<color>#f29523</color>
237,"('GUESS', 0.005180984387033537)",7,"(186, 725)",,<color>#fbf5d2</color>
238,"('CHALLENGE', 0.005157646619524376)",7,"(308, 851)",2.0,<color>#3c3b28</color>
239,"('MIND', 0.005157646619524376)",7,"(638, 668)",,<color>#f0901f</color>
240,"('FINISH', 0.005134308852015216)",7,"(192, 723)",,<color>#fbf5d3</color>
241,"('BIT', 0.005134308852015216)",7,"(538, 505)",,<color>#f5f207</color>
242,"('PLAYED', 0.005110971084506056)",7,"(107, 668)",,<color>#f0dfa9</color>
243,"('GATEIO', 0.005064295549487736)",7,"(106, 693)",,<color>#f3e5b4</color>
244,"('AINUTOKEN', 0.005064295549487736)",7,"(392, 693)",2.0,<color>#f5ee02</color>
245,"('LAUNCH', 0.005040957781978576)",7,"(409, 581)",,<color>#b66719</color>
246,"('CRYING', 0.005017620014469416)",7,"(476, 661)",,<color>#f2a01d</color>
247,"('THOUGH', 0.004994282246960256)",7,"(278, 711)",2.0,<color>#ebd085</color>
248,"('MINUTE', 0.004994282246960256)",7,"(357, 831)",,<color>#17140d</color>
249,"('ALICEINBORDERLAND', 0.004924268944432776)",6,"(556, 838)",,<color>#562408</color>
250,"('ASS', 0.004900931176923615)",6,"(261, 687)",,<color>#a2643f</color>
251,"('FREE', 0.004877593409414456)",6,"(67, 732)",,<color>#4d5741</color>
252,"('FEELING', 0.004877593409414456)",6,"(628, 470)",,<color>#e1e8bf</color>
253,"('KIND', 0.004830917874396135)",6,"(273, 645)",,<color>#dbc385</color>
254,"('INTERESTING', 0.004830917874396135)",6,"(692, 810)",,<color>#f69613</color>
255,"('MIGHT', 0.0048075801068869755)",6,"(556, 920)",,<color>#fbfa41</color>
256,"('HAVEN', 0.004737566804359495)",6,"(90, 824)",2.0,<color>#141617</color>
257,"('WRONG', 0.004714229036850335)",6,"(306, 584)",2.0,<color>#221a1d</color>
258,"('AROUND', 0.004690891269341175)",6,"(51, 727)",,<color>#555f48</color>
259,"('INSPIRED', 0.004690891269341175)",6,"(692, 743)",,<color>#f5a339</color>
260,"('STARTING', 0.004690891269341175)",6,"(554, 735)",2.0,<color>#e56a0b</color>
261,"('REASON', 0.004667553501832015)",6,"(686, 491)",,<color>#bbb069</color>
262,"('HOYEONJUNG', 0.004620877966813695)",6,"(429, 803)",2.0,<color>#f3b70c</color>
263,"('TWITTER', 0.004620877966813695)",6,"(394, 744)",2.0,<color>#fbf800</color>
264,"('GOLD', 0.004620877966813695)",6,"(399, 663)",,<color>#f3e601</color>
265,"('READ', 0.0045975401993045345)",6,"(416, 763)",,<color>#fbf701</color>
266,"('QUESTION', 0.004527526896777054)",6,"(314, 828)",2.0,<color>#3e3725</color>
267,"('MUST', 0.004527526896777054)",6,"(586, 858)",,<color>#553f04</color>
268,"('PLOT', 0.004434175826740414)",6,"(552, 523)",,<color>#f9f518</color>
269,"('KINDA', 0.004434175826740414)",6,"(475, 739)",,<color>#f6a929</color>
270,"('GGANBU', 0.004434175826740414)",6,"(514, 776)",2.0,<color>#fbc357</color>
271,"('GLASS', 0.004410838059231254)",6,"(464, 613)",,<color>#e76e25</color>
272,"('ENJOYED', 0.004410838059231254)",6,"(519, 591)",2.0,<color>#d95f1c</color>
273,"('ORIGINAL', 0.004410838059231254)",6,"(692, 911)",,<color>#f4efc6</color>
274,"('BEHIND', 0.0043875002917220934)",6,"(340, 694)",,<color>#826629</color>
275,"('TIKTOK', 0.0043875002917220934)",6,"(381, 714)",,<color>#ece504</color>
276,"('STAR', 0.0043875002917220934)",6,"(660, 704)",,<color>#f1911b</color>
277,"('FOLLOW', 0.004364162524212934)",6,"(568, 824)",,<color>#e36a07</color>
278,"('SANGWOO', 0.004317486989194614)",6,"(519, 670)",2.0,<color>#ec7e17</color>
279,"('DUDE', 0.004317486989194614)",6,"(214, 836)",2.0,<color>#cfc29f</color>
280,"('SET', 0.004317486989194614)",6,"(612, 653)",,<color>#da580c</color>
281,"('LINK', 0.004317486989194614)",6,"(391, 818)",,<color>#ed900b</color>
282,"('HOYEON', 0.004317486989194614)",6,"(610, 511)",2.0,<color>#ecedc0</color>
283,"('ELIMINATED', 0.0042941492216854536)",6,"(28, 657)",,<color>#343930</color>
284,"('TOP', 0.0042941492216854536)",6,"(239, 725)",2.0,<color>#fcf5cf</color>
285,"('SUPPORT', 0.0042941492216854536)",6,"(381, 753)",,<color>#fbf800</color>
286,"('MAYBE', 0.004270811454176293)",6,"(693, 660)",,<color>#e6651a</color>
287,"('ANIME', 0.004247473686667134)",6,"(245, 594)",2.0,<color>#98636c</color>
288,"('SUPER', 0.004247473686667134)",6,"(682, 696)",,<color>#f08a1d</color>
289,"('CANDY', 0.004224135919157973)",6,"(11, 739)",2.0,<color>#3d493a</color>
290,"('SCHOOL', 0.004224135919157973)",6,"(455, 740)",,<color>#f6d215</color>
291,"('HEAD', 0.004200798151648814)",6,"(538, 713)",,<color>#eb7310</color>
292,"('LATE', 0.004200798151648814)",6,"(644, 524)",2.0,<color>#d4cdb0</color>
293,"('NOTHING', 0.004177460384139653)",6,"(638, 619)",,<color>#cd5825</color>
294,"('ROUND', 0.004177460384139653)",6,"(76, 814)",2.0,<color>#232627</color>
295,"('CARD', 0.004177460384139653)",6,"(604, 910)",,<color>#f2f2c7</color>
296,"('MAY', 0.004154122616630493)",6,"(567, 657)",2.0,<color>#f49c25</color>
297,"('CRY', 0.004154122616630493)",6,"(452, 490)",,<color>#c4c433</color>
298,"('HONEYCOMB', 0.004130784849121333)",6,"(350, 554)",,<color>#090808</color>
299,"('SAD', 0.004130784849121333)",6,"(74, 700)",2.0,<color>#656c5a</color>
300,"('GOD', 0.004107447081612173)",6,"(689, 563)",,<color>#8f4e23</color>
301,"('ANYTHING', 0.004107447081612173)",6,"(505, 730)",,<color>#f19819</color>
302,"('FUNNY', 0.004107447081612173)",6,"(149, 769)",,<color>#f5edbc</color>
303,"('HAIR', 0.004107447081612173)",6,"(313, 752)",,<color>#c5a751</color>
304,"('WENT', 0.0040841093141030125)",6,"(605, 675)",2.0,<color>#e67519</color>
305,"('FULL', 0.0040841093141030125)",6,"(450, 853)",,<color>#f5e601</color>
306,"('COOL', 0.0040841093141030125)",6,"(198, 564)",,<color>#2b5857</color>
307,"('LEFT', 0.0040841093141030125)",6,"(104, 828)",2.0,<color>#1d1f23</color>
308,"('USE', 0.004060771546593853)",6,"(618, 818)",,<color>#d85709</color>
309,"('LATEST', 0.004060771546593853)",6,"(517, 824)",2.0,<color>#c05f07</color>
310,"('WANTED', 0.004060771546593853)",6,"(181, 635)",,<color>#ddd1a2</color>
311,"('IMAGINE', 0.004060771546593853)",6,"(481, 816)",,<color>#f6ad18</color>
312,"('AWESOME', 0.004060771546593853)",6,"(141, 797)",,<color>#f4edba</color>
313,"('CALL', 0.004060771546593853)",6,"(443, 699)",,<color>#f8f600</color>
314,"('HEAR', 0.004060771546593853)",6,"(413, 560)",2.0,<color>#d4d70c</color>
315,"('HOME', 0.004037433779084693)",6,"(199, 776)",,<color>#fbf5d3</color>
316,"('FRONT', 0.004037433779084693)",6,"(399, 763)",,<color>#f9f500</color>
317,"('EYE', 0.004037433779084693)",6,"(535, 659)",2.0,<color>#e56c11</color>
318,"('HOUR', 0.004014096011575533)",6,"(649, 878)",,<color>#b56247</color>
319,"('TWIST', 0.003967420476557212)",6,"(454, 675)",2.0,<color>#faf901</color>
320,"('CRYPTO', 0.003967420476557212)",6,"(477, 477)",,<color>#adb02f</color>
321,"('EXCITED', 0.003967420476557212)",6,"(692, 778)",,<color>#fbc669</color>
322,"('SORRY', 0.003967420476557212)",6,"(279, 574)",,<color>#241f2b</color>
323,"('YEAH', 0.003967420476557212)",6,"(652, 759)",2.0,<color>#f29928</color>
324,"('KILL', 0.003944082709048053)",6,"(462, 743)",,<color>#f4c61e</color>
325,"('ENJOY', 0.003944082709048053)",6,"(604, 901)",2.0,<color>#f2f0c1</color>
326,"('MRBEAST', 0.003944082709048053)",6,"(624, 450)",2.0,<color>#bdd0b9</color>
327,"('AVAILABLE', 0.003920744941538892)",6,"(536, 900)",,<color>#fbf823</color>
328,"('CREATOR', 0.003920744941538892)",6,"(554, 952)",2.0,<color>#5c590f</color>
329,"('NICE', 0.0038740694065205724)",6,"(414, 624)",,<color>#f7f201</color>
330,"('TOOK', 0.0038740694065205724)",6,"(659, 570)",2.0,<color>#955722</color>
331,"('COINBASE', 0.0038740694065205724)",6,"(7, 677)",,<color>#2e3a36</color>
332,"('INSTAGRAM', 0.003850731639011412)",5,"(363, 636)",,<color>#707e0c</color>
333,"('HWANG', 0.003850731639011412)",5,"(553, 486)",,<color>#f2ef06</color>
334,"('CALLED', 0.003850731639011412)",5,"(658, 915)",,<color>#4c4324</color>
335,"('SHARING', 0.003850731639011412)",5,"(692, 492)",,<color>#d7c775</color>
336,"('FOUND', 0.003827393871502252)",5,"(154, 770)",,<color>#f4ecbb</color>
337,"('HOPING', 0.003827393871502252)",5,"(407, 819)",2.0,<color>#f0a50a</color>
338,"('SURVIVE', 0.003804056103993092)",5,"(264, 746)",,<color>#f1e2a1</color>
339,"(""GAME'"", 0.003804056103993092)",5,"(472, 692)",,<color>#ee9610</color>
340,"('PROBABLY', 0.003804056103993092)",5,"(330, 526)",,<color>#141313</color>
341,"('CAUSE', 0.003780718336483932)",5,"(665, 948)",2.0,<color>#aca89b</color>
342,"('DIFFERENT', 0.003757380568974772)",5,"(442, 736)",,<color>#fcf906</color>
343,"('FINAL', 0.003757380568974772)",5,"(460, 486)",,<color>#bdc032</color>
344,"('DRAW', 0.003757380568974772)",5,"(657, 476)",2.0,<color>#97987c</color>
345,"('FACE', 0.003757380568974772)",5,"(148, 629)",,<color>#c3be89</color>
346,"('DUBBED', 0.0037340428014656117)",5,"(525, 539)",,<color>#f7f201</color>
347,"('SEEING', 0.0037340428014656117)",5,"(57, 807)",2.0,<color>#44212d</color>
348,"('OVERRATED', 0.0037107050339564517)",5,"(556, 633)",2.0,<color>#e07316</color>
349,"('POINT', 0.0037107050339564517)",5,"(505, 659)",,<color>#f19b16</color>
350,"('BROTHER', 0.0037107050339564517)",5,"(163, 702)",2.0,<color>#f5ecbb</color>
351,"('OBSESSED', 0.0037107050339564517)",5,"(643, 791)",2.0,<color>#f4981e</color>
352,"('DAUGHTER', 0.0037107050339564517)",5,"(383, 810)",,<color>#e99108</color>
353,"('TWEET', 0.0037107050339564517)",5,"(618, 760)",,<color>#e97215</color>
354,"('SUCCESS', 0.0036873672664472917)",5,"(505, 631)",,<color>#e5781c</color>
355,"('AMERICAN', 0.0036873672664472917)",5,"(552, 687)",,<color>#de620b</color>
356,"('FACT', 0.0036873672664472917)",5,"(565, 645)",2.0,<color>#d25f11</color>
357,"('TURN', 0.0036640294989381318)",5,"(271, 663)",,<color>#f6e9b3</color>
358,"('POST', 0.0036640294989381318)",5,"(186, 747)",2.0,<color>#82785b</color>
359,"('LIKED', 0.0036406917314289714)",5,"(503, 931)",2.0,<color>#adab16</color>
360,"('DEBT', 0.0036406917314289714)",5,"(649, 466)",2.0,<color>#e3e9cc</color>
361,"('EDIT', 0.0036173539639198114)",5,"(307, 718)",,<color>#fbecc4</color>
362,"('HOLY', 0.0035940161964106514)",5,"(576, 798)",2.0,<color>#e56907</color>
363,"('ACTING', 0.0035940161964106514)",5,"(470, 623)",2.0,<color>#ef961a</color>
364,"('PINK', 0.0035940161964106514)",5,"(533, 854)",,<color>#e4a305</color>
365,"('FUTURE', 0.0035940161964106514)",5,"(233, 746)",2.0,<color>#fbf4d0</color>
366,"('HAPPEN', 0.0035706784289014915)",5,"(253, 587)",2.0,<color>#64404d</color>
367,"('SONG', 0.0035706784289014915)",5,"(608, 915)",,<color>#f4f5cd</color>
368,"('JUNGHOYEON', 0.003547340661392331)",5,"(69, 595)",2.0,<color>#303436</color>
369,"('DESERVED', 0.003547340661392331)",5,"(518, 596)",2.0,<color>#db611e</color>
370,"('PICK', 0.003547340661392331)",5,"(232, 832)",2.0,<color>#d3c9a8</color>
371,"('GOTTA', 0.003547340661392331)",5,"(405, 647)",2.0,<color>#f4e903</color>
372,"('INTENSE', 0.003547340661392331)",5,"(198, 840)",2.0,<color>#716c53</color>
373,"('DUB', 0.003524002893883171)",5,"(510, 694)",2.0,<color>#f29d16</color>
374,"('HUNGER', 0.003524002893883171)",5,"(692, 723)",,<color>#fab94d</color>
375,"('HOT', 0.003524002893883171)",5,"(610, 574)",2.0,<color>#674434</color>
376,"('BTS', 0.003524002893883171)",5,"(478, 585)",2.0,<color>#a15322</color>
377,"('HONESTLY', 0.003500665126374011)",5,"(666, 840)",2.0,<color>#511721</color>
378,"('ENOUGH', 0.003500665126374011)",5,"(638, 734)",,<color>#f69f2b</color>
379,"('HELLO', 0.003500665126374011)",5,"(478, 561)",,<color>#6c600a</color>
380,"('SAYING', 0.003500665126374011)",5,"(540, 570)",2.0,<color>#875414</color>
381,"('MISS', 0.003477327358864851)",5,"(521, 504)",,<color>#f2ef09</color>
382,"('DEAD', 0.0034539895913556907)",5,"(482, 903)",,<color>#f9fb49</color>
383,"('ETH', 0.0034539895913556907)",5,"(454, 562)",,<color>#f9f40c</color>
